{
    "name": "chatroom",
    "roles": [
        "chatroom"
    ],
    "lookups": [
        "free-text",
        "keywords"
    ],
    "keywords": [
        {
            "keyword": "babcock",
            "synonyms": [
                "babcock"
            ]
        },
        {
            "keyword": "bacock",
            "synonyms": [
                "bacock"
            ]
        },
        {
            "keyword": "bascom",
            "synonyms": [
                "bascom"
            ]
        },
        {
            "keyword": "bascom hill",
            "synonyms": [
                "bascom hill"
            ]
        },
        {
            "keyword": "chadbourne",
            "synonyms": [
                "chadbourne"
            ]
        },
        {
            "keyword": "humanities",
            "synonyms": [
                "humanities"
            ]
        },
        {
            "keyword": "memorial union",
            "synonyms": [
                "memorial union"
            ]
        },
        {
            "keyword": "red gym",
            "synonyms": [
                "red gym"
            ]
        },
        {
            "keyword": "union south",
            "synonyms": [
                "union south"
            ]
        },
        {
            "keyword": "witte",
            "synonyms": [
                "witte"
            ]
        }
    ]
}
