{
    "utterances": [
        {
            "text": "I am need of help",
            "entities": [],
            "traits": [],
            "intent": "get_help"
        },
        {
            "text": "I need help",
            "entities": [],
            "traits": [],
            "intent": "get_help"
        },
        {
            "text": "I require help",
            "entities": [],
            "traits": [],
            "intent": "get_help"
        },
        {
            "text": "I want to see all chatrooms",
            "entities": [],
            "traits": [],
            "intent": "get_chatrooms"
        },
        {
            "text": "I want to see the chatrooms",
            "entities": [],
            "traits": [],
            "intent": "get_chatrooms"
        },
        {
            "text": "I would like to create an account",
            "entities": [],
            "traits": [],
            "intent": "register"
        },
        {
            "text": "I would like to logout",
            "entities": [],
            "traits": [],
            "intent": "logout"
        },
        {
            "text": "I would like to logout please",
            "entities": [],
            "traits": [],
            "intent": "logout"
        },
        {
            "text": "I would like to register",
            "entities": [],
            "traits": [],
            "intent": "register"
        },
        {
            "text": "I would like to register now",
            "entities": [],
            "traits": [],
            "intent": "register"
        },
        {
            "text": "I would like to sign up for an account",
            "entities": [],
            "traits": [],
            "intent": "register"
        },
        {
            "text": "I would like to sign up please",
            "entities": [],
            "traits": [],
            "intent": "register"
        },
        {
            "text": "am I already logged in",
            "entities": [],
            "traits": [],
            "intent": "whoami"
        },
        {
            "text": "am I logged in",
            "entities": [],
            "traits": [],
            "intent": "whoami"
        },
        {
            "text": "chatrooms",
            "entities": [],
            "traits": [],
            "intent": "get_chatrooms"
        },
        {
            "text": "creaate a post at bascom hill",
            "entities": [
                {
                    "entity": "chatroom:chatroom",
                    "start": 18,
                    "end": 29,
                    "body": "bascom hill",
                    "entities": []
                }
            ],
            "traits": [],
            "intent": "create_message"
        },
        {
            "text": "create a message at chadbourne",
            "entities": [
                {
                    "entity": "chatroom:chatroom",
                    "start": 20,
                    "end": 30,
                    "body": "chadbourne",
                    "entities": []
                }
            ],
            "traits": [],
            "intent": "create_message"
        },
        {
            "text": "create a message at witte",
            "entities": [
                {
                    "entity": "chatroom:chatroom",
                    "start": 20,
                    "end": 25,
                    "body": "witte",
                    "entities": []
                }
            ],
            "traits": [],
            "intent": "create_message"
        },
        {
            "text": "create a post",
            "entities": [],
            "traits": [],
            "intent": "create_message"
        },
        {
            "text": "create a post at bacock",
            "entities": [
                {
                    "entity": "chatroom:chatroom",
                    "start": 17,
                    "end": 23,
                    "body": "bacock",
                    "entities": []
                }
            ],
            "traits": [],
            "intent": "create_message"
        },
        {
            "text": "create a post at chadbourne",
            "entities": [
                {
                    "entity": "chatroom:chatroom",
                    "start": 17,
                    "end": 27,
                    "body": "chadbourne",
                    "entities": []
                }
            ],
            "traits": [],
            "intent": "create_message"
        },
        {
            "text": "create a post at humanities",
            "entities": [
                {
                    "entity": "chatroom:chatroom",
                    "start": 17,
                    "end": 27,
                    "body": "humanities",
                    "entities": []
                }
            ],
            "traits": [],
            "intent": "create_message"
        },
        {
            "text": "create a post at red gym",
            "entities": [
                {
                    "entity": "chatroom:chatroom",
                    "start": 17,
                    "end": 24,
                    "body": "red gym",
                    "entities": []
                }
            ],
            "traits": [],
            "intent": "create_message"
        },
        {
            "text": "create a post at witte",
            "entities": [
                {
                    "entity": "chatroom:chatroom",
                    "start": 17,
                    "end": 22,
                    "body": "witte",
                    "entities": []
                }
            ],
            "traits": [],
            "intent": "create_message"
        },
        {
            "text": "create account",
            "entities": [],
            "traits": [],
            "intent": "register"
        },
        {
            "text": "create an account",
            "entities": [],
            "traits": [],
            "intent": "register"
        },
        {
            "text": "create message",
            "entities": [],
            "traits": [],
            "intent": "create_message"
        },
        {
            "text": "create post",
            "entities": [],
            "traits": [],
            "intent": "create_message"
        },
        {
            "text": "display 5 messages",
            "entities": [
                {
                    "entity": "wit$number:number",
                    "start": 8,
                    "end": 9,
                    "body": "5",
                    "entities": []
                }
            ],
            "traits": [],
            "intent": "get_messages"
        },
        {
            "text": "display all chatrooms",
            "entities": [],
            "traits": [],
            "intent": "get_chatrooms"
        },
        {
            "text": "display chatrooms",
            "entities": [],
            "traits": [],
            "intent": "get_chatrooms"
        },
        {
            "text": "get chatrooms",
            "entities": [],
            "traits": [],
            "intent": "get_chatrooms"
        },
        {
            "text": "get help",
            "entities": [],
            "traits": [],
            "intent": "get_help"
        },
        {
            "text": "get latest message from witte",
            "entities": [
                {
                    "entity": "chatroom:chatroom",
                    "start": 24,
                    "end": 29,
                    "body": "witte",
                    "entities": []
                }
            ],
            "traits": [],
            "intent": "get_messages"
        },
        {
            "text": "get latest post",
            "entities": [],
            "traits": [],
            "intent": "get_messages"
        },
        {
            "text": "get messages",
            "entities": [],
            "traits": [],
            "intent": "get_messages"
        },
        {
            "text": "get most recent post",
            "entities": [],
            "traits": [],
            "intent": "get_messages"
        },
        {
            "text": "get the 2 latest messages",
            "entities": [
                {
                    "entity": "wit$number:number",
                    "start": 8,
                    "end": 9,
                    "body": "2",
                    "entities": []
                }
            ],
            "traits": [],
            "intent": "get_messages"
        },
        {
            "text": "get the 2 most recent posts from bascom",
            "entities": [
                {
                    "entity": "wit$number:number",
                    "start": 8,
                    "end": 9,
                    "body": "2",
                    "entities": []
                },
                {
                    "entity": "chatroom:chatroom",
                    "start": 33,
                    "end": 39,
                    "body": "bascom",
                    "entities": []
                }
            ],
            "traits": [],
            "intent": "get_messages"
        },
        {
            "text": "get the 3 latest messages",
            "entities": [],
            "traits": [],
            "intent": "get_messages"
        },
        {
            "text": "get the lates message from babcock banter",
            "entities": [
                {
                    "entity": "chatroom:chatroom",
                    "start": 27,
                    "end": 34,
                    "body": "babcock",
                    "entities": []
                }
            ],
            "traits": [],
            "intent": "get_messages"
        },
        {
            "text": "get the latest message from bascom",
            "entities": [
                {
                    "entity": "chatroom:chatroom",
                    "start": 28,
                    "end": 34,
                    "body": "bascom",
                    "entities": []
                }
            ],
            "traits": [],
            "intent": "get_messages"
        },
        {
            "text": "get the latest message from chadbourne",
            "entities": [
                {
                    "entity": "chatroom:chatroom",
                    "start": 28,
                    "end": 38,
                    "body": "chadbourne",
                    "entities": []
                }
            ],
            "traits": [],
            "intent": "get_messages"
        },
        {
            "text": "get the latest message from memorial union",
            "entities": [
                {
                    "entity": "chatroom:chatroom",
                    "start": 28,
                    "end": 42,
                    "body": "memorial union",
                    "entities": []
                }
            ],
            "traits": [],
            "intent": "get_messages"
        },
        {
            "text": "get the latest message from red gym",
            "entities": [
                {
                    "entity": "red_gym:red_gym",
                    "start": 28,
                    "end": 35,
                    "body": "red gym",
                    "entities": []
                }
            ],
            "traits": [],
            "intent": "get_messages"
        },
        {
            "text": "get the latest message from witte",
            "entities": [
                {
                    "entity": "chatroom:chatroom",
                    "start": 28,
                    "end": 33,
                    "body": "witte",
                    "entities": []
                }
            ],
            "traits": [],
            "intent": "get_messages"
        },
        {
            "text": "get the latest messages from humanities",
            "entities": [
                {
                    "entity": "chatroom:chatroom",
                    "start": 29,
                    "end": 39,
                    "body": "humanities",
                    "entities": []
                }
            ],
            "traits": [],
            "intent": "get_messages"
        },
        {
            "text": "get the latest post from babcock banter",
            "entities": [
                {
                    "entity": "chatroom:chatroom",
                    "start": 25,
                    "end": 32,
                    "body": "babcock",
                    "entities": []
                }
            ],
            "traits": [],
            "intent": "get_messages"
        },
        {
            "text": "get the latest post from chadbourne",
            "entities": [
                {
                    "entity": "chatroom:chatroom",
                    "start": 25,
                    "end": 35,
                    "body": "chadbourne",
                    "entities": []
                }
            ],
            "traits": [],
            "intent": "get_messages"
        },
        {
            "text": "get the latest post from humanities",
            "entities": [
                {
                    "entity": "chatroom:chatroom",
                    "start": 25,
                    "end": 35,
                    "body": "humanities",
                    "entities": []
                }
            ],
            "traits": [],
            "intent": "get_messages"
        },
        {
            "text": "get the latest post from memorial union",
            "entities": [
                {
                    "entity": "chatroom:chatroom",
                    "start": 25,
                    "end": 39,
                    "body": "memorial union",
                    "entities": []
                }
            ],
            "traits": [],
            "intent": "get_messages"
        },
        {
            "text": "get the latest post from red gym",
            "entities": [
                {
                    "entity": "chatroom:chatroom",
                    "start": 25,
                    "end": 32,
                    "body": "red gym",
                    "entities": []
                }
            ],
            "traits": [],
            "intent": "get_messages"
        },
        {
            "text": "get the top 5 latest messages from witte",
            "entities": [
                {
                    "entity": "wit$number:number",
                    "start": 12,
                    "end": 13,
                    "body": "5",
                    "entities": []
                },
                {
                    "entity": "chatroom:chatroom",
                    "start": 35,
                    "end": 40,
                    "body": "witte",
                    "entities": []
                }
            ],
            "traits": [],
            "intent": "get_messages"
        },
        {
            "text": "get the top 5 most recent posts from babcock banter",
            "entities": [
                {
                    "entity": "wit$number:number",
                    "start": 12,
                    "end": 13,
                    "body": "5",
                    "entities": []
                },
                {
                    "entity": "chatroom:chatroom",
                    "start": 37,
                    "end": 44,
                    "body": "babcock",
                    "entities": []
                }
            ],
            "traits": [],
            "intent": "get_messages"
        },
        {
            "text": "get top 3 latest messages",
            "entities": [
                {
                    "entity": "wit$number:number",
                    "start": 8,
                    "end": 9,
                    "body": "3",
                    "entities": []
                }
            ],
            "traits": [],
            "intent": "get_messages"
        },
        {
            "text": "get top 3 latest posts",
            "entities": [
                {
                    "entity": "wit$number:number",
                    "start": 8,
                    "end": 9,
                    "body": "3",
                    "entities": []
                }
            ],
            "traits": [],
            "intent": "get_messages"
        },
        {
            "text": "give me 10 messages",
            "entities": [
                {
                    "entity": "wit$number:number",
                    "start": 8,
                    "end": 10,
                    "body": "10",
                    "entities": []
                }
            ],
            "traits": [],
            "intent": "get_messages"
        },
        {
            "text": "give me 10 messages from red gym",
            "entities": [
                {
                    "entity": "wit$number:number",
                    "start": 8,
                    "end": 10,
                    "body": "10",
                    "entities": []
                },
                {
                    "entity": "chatroom:chatroom",
                    "start": 25,
                    "end": 32,
                    "body": "red gym",
                    "entities": []
                }
            ],
            "traits": [],
            "intent": "get_messages"
        },
        {
            "text": "give me 10 messages from witte",
            "entities": [
                {
                    "entity": "wit$number:number",
                    "start": 8,
                    "end": 10,
                    "body": "10",
                    "entities": []
                },
                {
                    "entity": "chatroom:chatroom",
                    "start": 25,
                    "end": 30,
                    "body": "witte",
                    "entities": []
                }
            ],
            "traits": [],
            "intent": "get_messages"
        },
        {
            "text": "give me 3 messages",
            "entities": [],
            "traits": [],
            "intent": "get_messages"
        },
        {
            "text": "give me 8 messages",
            "entities": [
                {
                    "entity": "wit$number:number",
                    "start": 8,
                    "end": 9,
                    "body": "8",
                    "entities": []
                }
            ],
            "traits": [],
            "intent": "get_messages"
        },
        {
            "text": "give me 9 messages",
            "entities": [
                {
                    "entity": "wit$number:number",
                    "start": 8,
                    "end": 9,
                    "body": "9",
                    "entities": []
                }
            ],
            "traits": [],
            "intent": "get_messages"
        },
        {
            "text": "help",
            "entities": [],
            "traits": [],
            "intent": "get_help"
        },
        {
            "text": "help me",
            "entities": [],
            "traits": [],
            "intent": "get_help"
        },
        {
            "text": "help me please",
            "entities": [],
            "traits": [],
            "intent": "get_help"
        },
        {
            "text": "i want to login",
            "entities": [],
            "traits": [],
            "intent": "login"
        },
        {
            "text": "i would like to log in",
            "entities": [],
            "traits": [],
            "intent": "login"
        },
        {
            "text": "log in",
            "entities": [],
            "traits": [],
            "intent": "login"
        },
        {
            "text": "log in please",
            "entities": [],
            "traits": [],
            "intent": "login"
        },
        {
            "text": "log me off",
            "entities": [],
            "traits": [],
            "intent": "logout"
        },
        {
            "text": "log me off please",
            "entities": [],
            "traits": [],
            "intent": "logout"
        },
        {
            "text": "log me out",
            "entities": [],
            "traits": [],
            "intent": "logout"
        },
        {
            "text": "log off",
            "entities": [],
            "traits": [],
            "intent": "logout"
        },
        {
            "text": "log off now",
            "entities": [],
            "traits": [],
            "intent": "logout"
        },
        {
            "text": "log out",
            "entities": [],
            "traits": [],
            "intent": "logout"
        },
        {
            "text": "log out now",
            "entities": [],
            "traits": [],
            "intent": "logout"
        },
        {
            "text": "login",
            "entities": [],
            "traits": [],
            "intent": "login"
        },
        {
            "text": "login now",
            "entities": [],
            "traits": [],
            "intent": "login"
        },
        {
            "text": "login please",
            "entities": [],
            "traits": [],
            "intent": "login"
        },
        {
            "text": "logout",
            "entities": [],
            "traits": [],
            "intent": "logout"
        },
        {
            "text": "logout now",
            "entities": [],
            "traits": [],
            "intent": "logout"
        },
        {
            "text": "logout please",
            "entities": [],
            "traits": [],
            "intent": "logout"
        },
        {
            "text": "make a message at bacock",
            "entities": [
                {
                    "entity": "chatroom:chatroom",
                    "start": 18,
                    "end": 24,
                    "body": "bacock",
                    "entities": []
                }
            ],
            "traits": [],
            "intent": "create_message"
        },
        {
            "text": "make a message at chadbourne",
            "entities": [
                {
                    "entity": "chatroom:chatroom",
                    "start": 18,
                    "end": 28,
                    "body": "chadbourne",
                    "entities": []
                }
            ],
            "traits": [],
            "intent": "create_message"
        },
        {
            "text": "make a message at humanities",
            "entities": [
                {
                    "entity": "chatroom:chatroom",
                    "start": 18,
                    "end": 28,
                    "body": "humanities",
                    "entities": []
                }
            ],
            "traits": [],
            "intent": "create_message"
        },
        {
            "text": "make a message at witte",
            "entities": [
                {
                    "entity": "chatroom:chatroom",
                    "start": 18,
                    "end": 23,
                    "body": "witte",
                    "entities": []
                }
            ],
            "traits": [],
            "intent": "create_message"
        },
        {
            "text": "make a post at memorial union",
            "entities": [
                {
                    "entity": "chatroom:chatroom",
                    "start": 15,
                    "end": 29,
                    "body": "memorial union",
                    "entities": []
                }
            ],
            "traits": [],
            "intent": "create_message"
        },
        {
            "text": "make a post at red gym",
            "entities": [
                {
                    "entity": "chatroom:chatroom",
                    "start": 15,
                    "end": 22,
                    "body": "red gym",
                    "entities": []
                }
            ],
            "traits": [],
            "intent": "create_message"
        },
        {
            "text": "register",
            "entities": [],
            "traits": [],
            "intent": "register"
        },
        {
            "text": "register for an account",
            "entities": [],
            "traits": [],
            "intent": "register"
        },
        {
            "text": "register now please",
            "entities": [],
            "traits": [],
            "intent": "register"
        },
        {
            "text": "register please",
            "entities": [],
            "traits": [],
            "intent": "register"
        },
        {
            "text": "show all chatrooms",
            "entities": [],
            "traits": [],
            "intent": "get_chatrooms"
        },
        {
            "text": "show chatrooms",
            "entities": [],
            "traits": [],
            "intent": "get_chatrooms"
        },
        {
            "text": "sign me up",
            "entities": [],
            "traits": [],
            "intent": "register"
        },
        {
            "text": "sign up",
            "entities": [],
            "traits": [],
            "intent": "register"
        },
        {
            "text": "sign up now",
            "entities": [],
            "traits": [],
            "intent": "register"
        },
        {
            "text": "sign up please",
            "entities": [],
            "traits": [],
            "intent": "register"
        },
        {
            "text": "tell me who I am",
            "entities": [],
            "traits": [],
            "intent": "whoami"
        },
        {
            "text": "tell me who I am logged in as",
            "entities": [],
            "traits": [],
            "intent": "whoami"
        },
        {
            "text": "tell me who am i",
            "entities": [],
            "traits": [],
            "intent": "whoami"
        },
        {
            "text": "tell me who i am",
            "entities": [],
            "traits": [],
            "intent": "whoami"
        },
        {
            "text": "view all chatrooms",
            "entities": [],
            "traits": [],
            "intent": "get_chatrooms"
        },
        {
            "text": "view chatrooms",
            "entities": [],
            "traits": [],
            "intent": "get_chatrooms"
        },
        {
            "text": "view latest message",
            "entities": [],
            "traits": [],
            "intent": "get_messages"
        },
        {
            "text": "view latest post",
            "entities": [],
            "traits": [],
            "intent": "get_messages"
        },
        {
            "text": "what can I do",
            "entities": [],
            "traits": [],
            "intent": "get_help"
        },
        {
            "text": "what chatrooms are there",
            "entities": [],
            "traits": [],
            "intent": "get_chatrooms"
        },
        {
            "text": "what chatrooms can I use",
            "entities": [],
            "traits": [],
            "intent": "get_chatrooms"
        },
        {
            "text": "who am I as",
            "entities": [],
            "traits": [],
            "intent": "whoami"
        },
        {
            "text": "who am i",
            "entities": [],
            "traits": [],
            "intent": "whoami"
        },
        {
            "text": "who am i already logged in as",
            "entities": [],
            "traits": [],
            "intent": "whoami"
        },
        {
            "text": "who am i logged in as",
            "entities": [],
            "traits": [],
            "intent": "whoami"
        },
        {
            "text": "write a message at union south",
            "entities": [
                {
                    "entity": "chatroom:chatroom",
                    "start": 19,
                    "end": 30,
                    "body": "union south",
                    "entities": []
                }
            ],
            "traits": [],
            "intent": "create_message"
        },
        {
            "text": "write a post at red gym",
            "entities": [
                {
                    "entity": "chatroom:chatroom",
                    "start": 16,
                    "end": 23,
                    "body": "red gym",
                    "entities": []
                }
            ],
            "traits": [],
            "intent": "create_message"
        }
    ]
}
